Metric,Value
Accuracy,0.6812182741116751
Precision,0.6837931450086449
Recall,0.6812182741116751
F1-Score,0.6819405244778102
Training Time (min),12.833562568823497
